botanist,cycle,images,last_watered,name,origin_location,plant_id,recording_taken,scientific_name,soil_moisture,sunlight,temperature
"{'email': 'carl.linnaeus@lnhm.co.uk', 'name': 'Carl Linnaeus', 'phone': '+1-114-709-5518x591'}",Perennial,"{'license': 45, 'license_name': 'Attribution-ShareAlike 3.0 Unported (CC BY-SA 3.0)', 'license_url': 'https://creativecommons.org/licenses/by-sa/3.0/deed.en', 'medium_url': 'https://perenual.com/storage/species_image/2773_epipremnum_aureum/medium/2560px-Epipremnum_aureum_31082012.jpg', 'original_url': 'https://perenual.com/storage/species_image/2773_epipremnum_aureum/og/2560px-Epipremnum_aureum_31082012.jpg', 'regular_url': 'https://perenual.com/storage/species_image/2773_epipremnum_aureum/regular/2560px-Epipremnum_aureum_31082012.jpg', 'small_url': 'https://perenual.com/storage/species_image/2773_epipremnum_aureum/small/2560px-Epipremnum_aureum_31082012.jpg', 'thumbnail': 'https://perenual.com/storage/species_image/2773_epipremnum_aureum/thumbnail/2560px-Epipremnum_aureum_31082012.jpg'}","Wed, 10 May 2023 14:03:04 GMT",Epipremnum Aureum,"['-19.32556', '-41.25528', 'Resplendor', 'BR', 'America/Sao_Paulo']",0,2023-05-11 09:31:39,['Epipremnum aureum'],32.12443139593418,['Part shade'],13.172281007217553
"{'email': 'gertrude.jekyll@lnhm.co.uk', 'name': 'Gertrude Jekyll', 'phone': '001-564-664-4625x980'}",,,"Wed, 10 May 2023 13:54:32 GMT",Venus flytrap,"['33.95015', '-118.03917', 'South Whittier', 'US', 'America/Los_Angeles']",1,2023-05-11 09:31:41,,30.483007373031498,,12.033516281667612
"{'email': 'carl.linnaeus@lnhm.co.uk', 'name': 'Carl Linnaeus', 'phone': '305.202.6602'}",,,"Wed, 10 May 2023 14:10:54 GMT",Corpse flower,"['7.65649', '4.92235', 'Efon-Alaaye', 'NG', 'Africa/Lagos']",2,2023-05-11 09:31:42,,36.62577189990901,,9.135300447363635
"{'email': 'eliza.andrews@lnhm.co.uk', 'name': 'Eliza Andrews', 'phone': '555.943.7122x0977'}",,,"Wed, 10 May 2023 14:50:16 GMT",Rafflesia arnoldii,"['-19.32556', '-41.25528', 'Resplendor', 'BR', 'America/Sao_Paulo']",3,2023-05-11 09:31:43,,35.36230903073967,,19.550605978930996
"{'email': 'carl.linnaeus@lnhm.co.uk', 'name': 'Carl Linnaeus', 'phone': '001-822-722-0801x58789'}",,,"Wed, 10 May 2023 13:16:25 GMT",Black bat flower,"['13.70167', '-89.10944', 'Ilopango', 'SV', 'America/El_Salvador']",4,2023-05-11 09:31:44,,27.515034251491045,,11.330540881557495
"{'email': 'carl.linnaeus@lnhm.co.uk', 'name': 'Carl Linnaeus', 'phone': '296-732-7322'}",Herbaceous Perennial,"{'license': 45, 'license_name': 'Attribution-ShareAlike 3.0 Unported (CC BY-SA 3.0)', 'license_url': 'https://creativecommons.org/licenses/by-sa/3.0/deed.en', 'medium_url': 'https://perenual.com/storage/species_image/7190_sarracenia_catesbaei/medium/Sarracenia_x_catesbaei_x_psittacina_Kapturnica_2014-06-19_01.jpg', 'original_url': 'https://perenual.com/storage/species_image/7190_sarracenia_catesbaei/og/Sarracenia_x_catesbaei_x_psittacina_Kapturnica_2014-06-19_01.jpg', 'regular_url': 'https://perenual.com/storage/species_image/7190_sarracenia_catesbaei/regular/Sarracenia_x_catesbaei_x_psittacina_Kapturnica_2014-06-19_01.jpg', 'small_url': 'https://perenual.com/storage/species_image/7190_sarracenia_catesbaei/small/Sarracenia_x_catesbaei_x_psittacina_Kapturnica_2014-06-19_01.jpg', 'thumbnail': 'https://perenual.com/storage/species_image/7190_sarracenia_catesbaei/thumbnail/Sarracenia_x_catesbaei_x_psittacina_Kapturnica_2014-06-19_01.jpg'}","Wed, 10 May 2023 14:56:18 GMT",Pitcher plant,"['22.88783', '84.13864', 'Jashpurnagar', 'IN', 'Asia/Kolkata']",5,2023-05-11 09:31:46,['Sarracenia catesbaei'],36.68082636991485,['Full sun'],11.191626551652769
"{'email': 'eliza.andrews@lnhm.co.uk', 'name': 'Eliza Andrews', 'phone': '772.448.3783'}",Perennial,"{'license': 4, 'license_name': 'Attribution License', 'license_url': 'https://creativecommons.org/licenses/by/2.0/', 'medium_url': 'https://perenual.com/storage/species_image/8360_wollemia_nobilis/medium/30129534108_43db758803_b.jpg', 'original_url': 'https://perenual.com/storage/species_image/8360_wollemia_nobilis/og/30129534108_43db758803_b.jpg', 'regular_url': 'https://perenual.com/storage/species_image/8360_wollemia_nobilis/regular/30129534108_43db758803_b.jpg', 'small_url': 'https://perenual.com/storage/species_image/8360_wollemia_nobilis/small/30129534108_43db758803_b.jpg', 'thumbnail': 'https://perenual.com/storage/species_image/8360_wollemia_nobilis/thumbnail/30129534108_43db758803_b.jpg'}","Wed, 10 May 2023 13:35:35 GMT",Wollemi pine,"['43.86682', '-79.2663', 'Markham', 'CA', 'America/Toronto']",6,2023-05-11 09:31:48,['Wollemia nobilis'],33.48169880722891,['Part shade'],10.969325044785851
"{'email': 'eliza.andrews@lnhm.co.uk', 'name': 'Eliza Andrews', 'phone': '+1-271-181-9601x61816'}",Herbaceous Perennial,"{'license': 4, 'license_name': 'Attribution License', 'license_url': 'https://creativecommons.org/licenses/by/2.0/', 'medium_url': 'https://perenual.com/storage/species_image/3404_heliconia_schiedeana_fire_and_ice/medium/52233116449_9b56243a59_b.jpg', 'original_url': 'https://perenual.com/storage/species_image/3404_heliconia_schiedeana_fire_and_ice/og/52233116449_9b56243a59_b.jpg', 'regular_url': 'https://perenual.com/storage/species_image/3404_heliconia_schiedeana_fire_and_ice/regular/52233116449_9b56243a59_b.jpg', 'small_url': 'https://perenual.com/storage/species_image/3404_heliconia_schiedeana_fire_and_ice/small/52233116449_9b56243a59_b.jpg', 'thumbnail': 'https://perenual.com/storage/species_image/3404_heliconia_schiedeana_fire_and_ice/thumbnail/52233116449_9b56243a59_b.jpg'}","Wed, 10 May 2023 13:23:01 GMT",Bird of paradise,"['5.27247', '-3.59625', 'Bonoua', 'CI', 'Africa/Abidjan']",8,2023-05-11 09:31:40,"[""Heliconia schiedeana 'Fire and Ice'""]",27.913114183896624,"['Full sun', 'part shade']",11.530804359768261
"{'email': 'gertrude.jekyll@lnhm.co.uk', 'name': 'Gertrude Jekyll', 'phone': '001-179-989-7480x27002'}",Perennial,"{'license': 4, 'license_name': 'Attribution License', 'license_url': 'https://creativecommons.org/licenses/by/2.0/', 'medium_url': 'https://perenual.com/storage/species_image/5809_pereskia_grandifolia/medium/27487227123_a9b4d90e13_b.jpg', 'original_url': 'https://perenual.com/storage/species_image/5809_pereskia_grandifolia/og/27487227123_a9b4d90e13_b.jpg', 'regular_url': 'https://perenual.com/storage/species_image/5809_pereskia_grandifolia/regular/27487227123_a9b4d90e13_b.jpg', 'small_url': 'https://perenual.com/storage/species_image/5809_pereskia_grandifolia/small/27487227123_a9b4d90e13_b.jpg', 'thumbnail': 'https://perenual.com/storage/species_image/5809_pereskia_grandifolia/thumbnail/27487227123_a9b4d90e13_b.jpg'}","Wed, 10 May 2023 14:12:43 GMT",Cactus,"['50.9803', '11.32903', 'Weimar', 'DE', 'Europe/Berlin']",9,2023-05-11 09:31:42,['Pereskia grandifolia'],32.81162608599034,"['Full sun', 'part shade']",24.368851437827896
"{'email': 'gertrude.jekyll@lnhm.co.uk', 'name': 'Gertrude Jekyll', 'phone': '5979199309'}",,,"Wed, 10 May 2023 13:04:57 GMT","Dragon tree,","['43.50891', '16.43915', 'Split', 'HR', 'Europe/Zagreb']",10,2023-05-11 09:31:44,,29.019231102217944,,13.952078178342058
"{'email': 'gertrude.jekyll@lnhm.co.uk', 'name': 'Gertrude Jekyll', 'phone': '965-251-6468'}",Herbaceous Perennial,"{'license': 4, 'license_name': 'Attribution License', 'license_url': 'https://creativecommons.org/licenses/by/2.0/', 'medium_url': 'https://perenual.com/storage/species_image/1007_asclepias_curassavica/medium/51757177616_7ca0baaa87_b.jpg', 'original_url': 'https://perenual.com/storage/species_image/1007_asclepias_curassavica/og/51757177616_7ca0baaa87_b.jpg', 'regular_url': 'https://perenual.com/storage/species_image/1007_asclepias_curassavica/regular/51757177616_7ca0baaa87_b.jpg', 'small_url': 'https://perenual.com/storage/species_image/1007_asclepias_curassavica/small/51757177616_7ca0baaa87_b.jpg', 'thumbnail': 'https://perenual.com/storage/species_image/1007_asclepias_curassavica/thumbnail/51757177616_7ca0baaa87_b.jpg'}","Wed, 10 May 2023 13:37:24 GMT",Asclepias Curassavica,"['20.88953', '-156.47432', 'Kahului', 'US', 'Pacific/Honolulu']",11,2023-05-11 09:31:45,['Asclepias curassavica'],32.901184988764044,['Full sun'],9.46715515910055
"{'email': 'eliza.andrews@lnhm.co.uk', 'name': 'Eliza Andrews', 'phone': '754.714.1009x2938'}",,,"Wed, 10 May 2023 13:13:51 GMT",Brugmansia X Candida,"['32.5007', '-94.74049', 'Longview', 'US', 'America/Chicago']",12,2023-05-11 09:31:46,,28.216500289783895,,12.808819752018636
"{'email': 'eliza.andrews@lnhm.co.uk', 'name': 'Eliza Andrews', 'phone': '001-871-703-5499'}",,,"Wed, 10 May 2023 13:36:47 GMT",Canna ‘Striata’,"['49.68369', '8.61839', 'Bensheim', 'DE', 'Europe/Berlin']",13,2023-05-11 09:31:47,,34.27990343171402,,9.534619156688821
"{'email': 'gertrude.jekyll@lnhm.co.uk', 'name': 'Gertrude Jekyll', 'phone': '+1-479-650-9781x43693'}",Perennial,"{'license': 4, 'license_name': 'Attribution License', 'license_url': 'https://creativecommons.org/licenses/by/2.0/', 'medium_url': 'https://perenual.com/storage/species_image/2015_colocasia_esculenta/medium/24325097844_14719030a3_b.jpg', 'original_url': 'https://perenual.com/storage/species_image/2015_colocasia_esculenta/og/24325097844_14719030a3_b.jpg', 'regular_url': 'https://perenual.com/storage/species_image/2015_colocasia_esculenta/regular/24325097844_14719030a3_b.jpg', 'small_url': 'https://perenual.com/storage/species_image/2015_colocasia_esculenta/small/24325097844_14719030a3_b.jpg', 'thumbnail': 'https://perenual.com/storage/species_image/2015_colocasia_esculenta/thumbnail/24325097844_14719030a3_b.jpg'}","Wed, 10 May 2023 14:17:54 GMT",Colocasia Esculenta,"['29.65163', '-82.32483', 'Gainesville', 'US', 'America/New_York']",14,2023-05-11 09:31:49,['Colocasia esculenta'],34.86818616462841,"['Filtered shade', ' Part sun/part shade']",13.143255409405649
"{'email': 'gertrude.jekyll@lnhm.co.uk', 'name': 'Gertrude Jekyll', 'phone': '063-112-5503'}",,,"Wed, 10 May 2023 13:45:31 GMT",Cuphea ‘David Verity’,"['36.08497', '9.37082', 'Siliana', 'TN', 'Africa/Tunis']",15,2023-05-11 09:31:50,,30.216441527450968,,9.984054092681507
"{'email': 'gertrude.jekyll@lnhm.co.uk', 'name': 'Gertrude Jekyll', 'phone': '341.954.6387x27752'}",Perennial,"{'license': 5, 'license_name': 'Attribution-ShareAlike License', 'license_url': 'https://creativecommons.org/licenses/by-sa/2.0/', 'medium_url': 'https://perenual.com/storage/species_image/2868_euphorbia_cotinifolia/medium/51952243235_061102bd05_b.jpg', 'original_url': 'https://perenual.com/storage/species_image/2868_euphorbia_cotinifolia/og/51952243235_061102bd05_b.jpg', 'regular_url': 'https://perenual.com/storage/species_image/2868_euphorbia_cotinifolia/regular/51952243235_061102bd05_b.jpg', 'small_url': 'https://perenual.com/storage/species_image/2868_euphorbia_cotinifolia/small/51952243235_061102bd05_b.jpg', 'thumbnail': 'https://perenual.com/storage/species_image/2868_euphorbia_cotinifolia/thumbnail/51952243235_061102bd05_b.jpg'}","Wed, 10 May 2023 13:50:40 GMT",Euphorbia Cotinifolia,"['40.93121', '-73.89875', 'Yonkers', 'US', 'America/New_York']",16,2023-05-11 09:31:52,['Euphorbia cotinifolia'],-1.247045319999998,['Full sun'],13.290015548956472
"{'email': 'carl.linnaeus@lnhm.co.uk', 'name': 'Carl Linnaeus', 'phone': '334.859.6329x894'}",Herbaceous Perennial,"{'license': 4, 'license_name': 'Attribution License', 'license_url': 'https://creativecommons.org/licenses/by/2.0/', 'medium_url': 'https://perenual.com/storage/species_image/4302_ipomoea_batatas/medium/52457532874_163690b241_b.jpg', 'original_url': 'https://perenual.com/storage/species_image/4302_ipomoea_batatas/og/52457532874_163690b241_b.jpg', 'regular_url': 'https://perenual.com/storage/species_image/4302_ipomoea_batatas/regular/52457532874_163690b241_b.jpg', 'small_url': 'https://perenual.com/storage/species_image/4302_ipomoea_batatas/small/52457532874_163690b241_b.jpg', 'thumbnail': 'https://perenual.com/storage/species_image/4302_ipomoea_batatas/thumbnail/52457532874_163690b241_b.jpg'}","Wed, 10 May 2023 14:02:40 GMT",Ipomoea Batatas,"['-7.51611', '109.05389', 'Wangon', 'ID', 'Asia/Jakarta']",17,2023-05-11 09:31:54,['Ipomoea batatas'],31.95480677788555,['Full sun'],9.780479891868382
"{'email': 'carl.linnaeus@lnhm.co.uk', 'name': 'Carl Linnaeus', 'phone': '(766)236-4092'}",,,"Wed, 10 May 2023 14:29:39 GMT",Manihot Esculenta ‘Variegata’,"['51.30001', '13.10984', 'Oschatz', 'DE', 'Europe/Berlin']",18,2023-05-11 09:31:56,,33.45897544660194,,9.039581873126252
"{'email': 'gertrude.jekyll@lnhm.co.uk', 'name': 'Gertrude Jekyll', 'phone': '001-630-832-2711x5822'}",Herbaceous Perennial,"{'license': 4, 'license_name': 'Attribution License', 'license_url': 'https://creativecommons.org/licenses/by/2.0/', 'medium_url': 'https://perenual.com/storage/species_image/5282_musa_basjoo/medium/49639151686_0ae07c39dd_b.jpg', 'original_url': 'https://perenual.com/storage/species_image/5282_musa_basjoo/og/49639151686_0ae07c39dd_b.jpg', 'regular_url': 'https://perenual.com/storage/species_image/5282_musa_basjoo/regular/49639151686_0ae07c39dd_b.jpg', 'small_url': 'https://perenual.com/storage/species_image/5282_musa_basjoo/small/49639151686_0ae07c39dd_b.jpg', 'thumbnail': 'https://perenual.com/storage/species_image/5282_musa_basjoo/thumbnail/49639151686_0ae07c39dd_b.jpg'}","Wed, 10 May 2023 13:24:30 GMT",Musa Basjoo,"['-21.44236', '27.46153', 'Tonota', 'BW', 'Africa/Gaborone']",19,2023-05-11 09:31:57,['Musa basjoo'],32.480966822926376,['Full sun'],13.863352383902468
"{'email': 'carl.linnaeus@lnhm.co.uk', 'name': 'Carl Linnaeus', 'phone': '849.637.4302'}",Herbaceous Perennial,"{'license': 4, 'license_name': 'Attribution License', 'license_url': 'https://creativecommons.org/licenses/by/2.0/', 'medium_url': 'https://perenual.com/storage/species_image/7126_salvia_splendens/medium/52595771121_dbe8e86849_b.jpg', 'original_url': 'https://perenual.com/storage/species_image/7126_salvia_splendens/og/52595771121_dbe8e86849_b.jpg', 'regular_url': 'https://perenual.com/storage/species_image/7126_salvia_splendens/regular/52595771121_dbe8e86849_b.jpg', 'small_url': 'https://perenual.com/storage/species_image/7126_salvia_splendens/small/52595771121_dbe8e86849_b.jpg', 'thumbnail': 'https://perenual.com/storage/species_image/7126_salvia_splendens/thumbnail/52595771121_dbe8e86849_b.jpg'}","Wed, 10 May 2023 14:49:34 GMT",Salvia Splendens,"['41.15612', '1.10687', 'Reus', 'ES', 'Europe/Madrid']",20,2023-05-11 09:31:59,['Salvia splendens'],34.16853638611926,"['Full sun', 'part shade']",8.6067462537317
"{'email': 'eliza.andrews@lnhm.co.uk', 'name': 'Eliza Andrews', 'phone': '+1-054-328-9146x08316'}",Herbaceous Perennial,"{'license': 5, 'license_name': 'Attribution-ShareAlike License', 'license_url': 'https://creativecommons.org/licenses/by-sa/2.0/', 'medium_url': 'https://perenual.com/storage/species_image/855_anthurium_andraeanum/medium/49388458462_0ef650db39_b.jpg', 'original_url': 'https://perenual.com/storage/species_image/855_anthurium_andraeanum/og/49388458462_0ef650db39_b.jpg', 'regular_url': 'https://perenual.com/storage/species_image/855_anthurium_andraeanum/regular/49388458462_0ef650db39_b.jpg', 'small_url': 'https://perenual.com/storage/species_image/855_anthurium_andraeanum/small/49388458462_0ef650db39_b.jpg', 'thumbnail': 'https://perenual.com/storage/species_image/855_anthurium_andraeanum/thumbnail/49388458462_0ef650db39_b.jpg'}","Wed, 10 May 2023 14:23:59 GMT",Anthurium,"['-29.2975', '-51.50361', 'Carlos Barbosa', 'BR', 'America/Sao_Paulo']",21,2023-05-11 09:31:49,['Anthurium andraeanum'],34.596061030389365,['Part shade'],11.023561856117395
"{'email': 'gertrude.jekyll@lnhm.co.uk', 'name': 'Gertrude Jekyll', 'phone': '306.803.5965'}",Herbaceous Perennial,"{'license': 4, 'license_name': 'Attribution License', 'license_url': 'https://creativecommons.org/licenses/by/2.0/', 'medium_url': 'https://perenual.com/storage/species_image/3404_heliconia_schiedeana_fire_and_ice/medium/52233116449_9b56243a59_b.jpg', 'original_url': 'https://perenual.com/storage/species_image/3404_heliconia_schiedeana_fire_and_ice/og/52233116449_9b56243a59_b.jpg', 'regular_url': 'https://perenual.com/storage/species_image/3404_heliconia_schiedeana_fire_and_ice/regular/52233116449_9b56243a59_b.jpg', 'small_url': 'https://perenual.com/storage/species_image/3404_heliconia_schiedeana_fire_and_ice/small/52233116449_9b56243a59_b.jpg', 'thumbnail': 'https://perenual.com/storage/species_image/3404_heliconia_schiedeana_fire_and_ice/thumbnail/52233116449_9b56243a59_b.jpg'}","Wed, 10 May 2023 13:03:26 GMT",Bird of Paradise,"['48.35693', '10.98461', 'Friedberg', 'DE', 'Europe/Berlin']",22,2023-05-11 09:31:50,"[""Heliconia schiedeana 'Fire and Ice'""]",28.162908259259254,"['Full sun', 'part shade']",9.551421301155623
"{'email': 'carl.linnaeus@lnhm.co.uk', 'name': 'Carl Linnaeus', 'phone': '898-297-6827'}",Perennial,"{'license': 4, 'license_name': 'Attribution License', 'license_url': 'https://creativecommons.org/licenses/by/2.0/', 'medium_url': 'https://perenual.com/storage/species_image/288_ficus_carica/medium/52377169610_b7a247a378_b.jpg', 'original_url': 'https://perenual.com/storage/species_image/288_ficus_carica/og/52377169610_b7a247a378_b.jpg', 'regular_url': 'https://perenual.com/storage/species_image/288_ficus_carica/regular/52377169610_b7a247a378_b.jpg', 'small_url': 'https://perenual.com/storage/species_image/288_ficus_carica/small/52377169610_b7a247a378_b.jpg', 'thumbnail': 'https://perenual.com/storage/species_image/288_ficus_carica/thumbnail/52377169610_b7a247a378_b.jpg'}","Wed, 10 May 2023 14:44:00 GMT",Ficus,"['43.82634', '144.09638', 'Motomachi', 'JP', 'Asia/Tokyo']",24,2023-05-11 09:31:52,['Ficus carica'],32.66463470945273,['Full sun'],13.061568170682255
"{'email': 'gertrude.jekyll@lnhm.co.uk', 'name': 'Gertrude Jekyll', 'phone': '001-726-719-5669x959'}",,,"Wed, 10 May 2023 13:58:41 GMT",Palm Trees,"['11.8659', '34.3869', 'Ar Ruseris', 'SD', 'Africa/Khartoum']",25,2023-05-11 09:31:53,,33.65432361828465,,11.593153800585705
"{'email': 'carl.linnaeus@lnhm.co.uk', 'name': 'Carl Linnaeus', 'phone': '(857)597-3149x52482'}",Herbaceous Perennial,"{'license': 4, 'license_name': 'Attribution License', 'license_url': 'https://creativecommons.org/licenses/by/2.0/', 'medium_url': 'https://perenual.com/storage/species_image/2468_dieffenbachia_seguine/medium/24449059743_2aee995991_b.jpg', 'original_url': 'https://perenual.com/storage/species_image/2468_dieffenbachia_seguine/og/24449059743_2aee995991_b.jpg', 'regular_url': 'https://perenual.com/storage/species_image/2468_dieffenbachia_seguine/regular/24449059743_2aee995991_b.jpg', 'small_url': 'https://perenual.com/storage/species_image/2468_dieffenbachia_seguine/small/24449059743_2aee995991_b.jpg', 'thumbnail': 'https://perenual.com/storage/species_image/2468_dieffenbachia_seguine/thumbnail/24449059743_2aee995991_b.jpg'}","Wed, 10 May 2023 14:23:18 GMT",Dieffenbachia Seguine,"['36.06386', '4.62744', 'El Achir', 'DZ', 'Africa/Algiers']",26,2023-05-11 09:31:55,['Dieffenbachia seguine'],36.5985071223551,['Filtered shade'],14.155425817909315
"{'email': 'carl.linnaeus@lnhm.co.uk', 'name': 'Carl Linnaeus', 'phone': '001-496-777-9477x3639'}",Herbaceous Perennial,"{'license': 44, 'license_name': 'Attribution-ShareAlike 4.0 International (CC BY-SA 4.0)', 'license_url': 'https://creativecommons.org/licenses/by-sa/4.0/', 'medium_url': 'https://perenual.com/storage/species_image/7463_spathiphyllum_group/medium/b4cfd76ce36d77ea460b3635517a73aab86fef0c.jpg', 'original_url': 'https://perenual.com/storage/species_image/7463_spathiphyllum_group/og/b4cfd76ce36d77ea460b3635517a73aab86fef0c.jpg', 'regular_url': 'https://perenual.com/storage/species_image/7463_spathiphyllum_group/regular/b4cfd76ce36d77ea460b3635517a73aab86fef0c.jpg', 'small_url': 'https://perenual.com/storage/species_image/7463_spathiphyllum_group/small/b4cfd76ce36d77ea460b3635517a73aab86fef0c.jpg', 'thumbnail': 'https://perenual.com/storage/species_image/7463_spathiphyllum_group/thumbnail/b4cfd76ce36d77ea460b3635517a73aab86fef0c.jpg'}","Wed, 10 May 2023 14:58:20 GMT",Spathiphyllum,"['51.67822', '33.9162', 'Hlukhiv', 'UA', 'Europe/Kiev']",27,2023-05-11 09:31:57,['Spathiphyllum (group)'],36.30403319828408,"['Part shade', 'full shade']",10.760951585717223
"{'email': 'carl.linnaeus@lnhm.co.uk', 'name': 'Carl Linnaeus', 'phone': '846.522.7180x9637'}",Perennial,"{'license': 4, 'license_name': 'Attribution License', 'license_url': 'https://creativecommons.org/licenses/by/2.0/', 'medium_url': 'https://perenual.com/storage/species_image/1999_codiaeum_variegatum/medium/29041866364_2c535b2297_b.jpg', 'original_url': 'https://perenual.com/storage/species_image/1999_codiaeum_variegatum/og/29041866364_2c535b2297_b.jpg', 'regular_url': 'https://perenual.com/storage/species_image/1999_codiaeum_variegatum/regular/29041866364_2c535b2297_b.jpg', 'small_url': 'https://perenual.com/storage/species_image/1999_codiaeum_variegatum/small/29041866364_2c535b2297_b.jpg', 'thumbnail': 'https://perenual.com/storage/species_image/1999_codiaeum_variegatum/thumbnail/29041866364_2c535b2297_b.jpg'}","Wed, 10 May 2023 14:37:02 GMT",Croton,"['43.91452', '-69.96533', 'Brunswick', 'US', 'America/New_York']",28,2023-05-11 09:31:58,['Codiaeum variegatum'],31.971279239760236,['Part shade'],25.645238031745226
"{'email': 'gertrude.jekyll@lnhm.co.uk', 'name': 'Gertrude Jekyll', 'phone': '4267323626'}",Herbaceous Perennial,"{'license': 5, 'license_name': 'Attribution-ShareAlike License', 'license_url': 'https://creativecommons.org/licenses/by-sa/2.0/', 'medium_url': 'https://perenual.com/storage/species_image/728_aloe_vera/medium/52619084582_6ebcfe6a74_b.jpg', 'original_url': 'https://perenual.com/storage/species_image/728_aloe_vera/og/52619084582_6ebcfe6a74_b.jpg', 'regular_url': 'https://perenual.com/storage/species_image/728_aloe_vera/regular/52619084582_6ebcfe6a74_b.jpg', 'small_url': 'https://perenual.com/storage/species_image/728_aloe_vera/small/52619084582_6ebcfe6a74_b.jpg', 'thumbnail': 'https://perenual.com/storage/species_image/728_aloe_vera/thumbnail/52619084582_6ebcfe6a74_b.jpg'}","Wed, 10 May 2023 13:11:24 GMT",Aloe Vera,"['34.75856', '136.13108', 'Ueno-ebisumachi', 'JP', 'Asia/Tokyo']",29,2023-05-11 09:31:59,['Aloe vera'],31.491123677268476,['Full sun'],10.842988407346063
"{'email': 'carl.linnaeus@lnhm.co.uk', 'name': 'Carl Linnaeus', 'phone': '001-197-576-2355x097'}",Perennial,"{'license': 5, 'license_name': 'Attribution-ShareAlike License', 'license_url': 'https://creativecommons.org/licenses/by-sa/2.0/', 'medium_url': 'https://perenual.com/storage/species_image/2961_ficus_elastica/medium/533092219_8da73ba0d2_b.jpg', 'original_url': 'https://perenual.com/storage/species_image/2961_ficus_elastica/og/533092219_8da73ba0d2_b.jpg', 'regular_url': 'https://perenual.com/storage/species_image/2961_ficus_elastica/regular/533092219_8da73ba0d2_b.jpg', 'small_url': 'https://perenual.com/storage/species_image/2961_ficus_elastica/small/533092219_8da73ba0d2_b.jpg', 'thumbnail': 'https://perenual.com/storage/species_image/2961_ficus_elastica/thumbnail/533092219_8da73ba0d2_b.jpg'}","Wed, 10 May 2023 13:55:19 GMT",Ficus Elastica,"['30.75545', '20.22625', 'Ajdabiya', 'LY', 'Africa/Tripoli']",30,2023-05-11 09:32:01,['Ficus elastica'],34.988342038674034,['Part shade'],14.513213920495113
"{'email': 'gertrude.jekyll@lnhm.co.uk', 'name': 'Gertrude Jekyll', 'phone': '360-285-1276'}",Herbaceous Perennial,"{'license': 4, 'license_name': 'Attribution License', 'license_url': 'https://creativecommons.org/licenses/by/2.0/', 'medium_url': 'https://perenual.com/storage/species_image/7171_sansevieria_trifasciata/medium/36416803474_81e6bd3f2e_b.jpg', 'original_url': 'https://perenual.com/storage/species_image/7171_sansevieria_trifasciata/og/36416803474_81e6bd3f2e_b.jpg', 'regular_url': 'https://perenual.com/storage/species_image/7171_sansevieria_trifasciata/regular/36416803474_81e6bd3f2e_b.jpg', 'small_url': 'https://perenual.com/storage/species_image/7171_sansevieria_trifasciata/small/36416803474_81e6bd3f2e_b.jpg', 'thumbnail': 'https://perenual.com/storage/species_image/7171_sansevieria_trifasciata/thumbnail/36416803474_81e6bd3f2e_b.jpg'}","Wed, 10 May 2023 13:05:43 GMT",Sansevieria Trifasciata,"['23.29549', '113.82465', 'Licheng', 'CN', 'Asia/Shanghai']",31,2023-05-11 09:32:03,['Sansevieria trifasciata'],29.249823633653847,"['full sun', 'full shade']",13.364241477688232
"{'email': 'gertrude.jekyll@lnhm.co.uk', 'name': 'Gertrude Jekyll', 'phone': '001-251-701-7428x7358'}",Perennial,"{'license': 45, 'license_name': 'Attribution-ShareAlike 3.0 Unported (CC BY-SA 3.0)', 'license_url': 'https://creativecommons.org/licenses/by-sa/3.0/deed.en', 'medium_url': 'https://perenual.com/storage/species_image/5869_philodendron_hederaceum/medium/Philodendron_hederaceum_var._kirkbridei_Leaves.jpg', 'original_url': 'https://perenual.com/storage/species_image/5869_philodendron_hederaceum/og/Philodendron_hederaceum_var._kirkbridei_Leaves.jpg', 'regular_url': 'https://perenual.com/storage/species_image/5869_philodendron_hederaceum/regular/Philodendron_hederaceum_var._kirkbridei_Leaves.jpg', 'small_url': 'https://perenual.com/storage/species_image/5869_philodendron_hederaceum/small/Philodendron_hederaceum_var._kirkbridei_Leaves.jpg', 'thumbnail': 'https://perenual.com/storage/species_image/5869_philodendron_hederaceum/thumbnail/Philodendron_hederaceum_var._kirkbridei_Leaves.jpg'}","Wed, 10 May 2023 14:29:54 GMT",Philodendron Hederaceum,"['52.47774', '10.5511', 'Gifhorn', 'DE', 'Europe/Berlin']",32,2023-05-11 09:32:04,['Philodendron hederaceum'],31.878457642147126,"['Filtered shade', ' Full sun only if soil kept moist', ' Part sun/part shade']",22.208008721297936
"{'email': 'carl.linnaeus@lnhm.co.uk', 'name': 'Carl Linnaeus', 'phone': '001-197-304-0701x96926'}",Perennial,"{'license': 5, 'license_name': 'Attribution-ShareAlike License', 'license_url': 'https://creativecommons.org/licenses/by-sa/2.0/', 'medium_url': 'https://perenual.com/storage/species_image/7245_schefflera_arboricola/medium/50892679962_787651a1ea_b.jpg', 'original_url': 'https://perenual.com/storage/species_image/7245_schefflera_arboricola/og/50892679962_787651a1ea_b.jpg', 'regular_url': 'https://perenual.com/storage/species_image/7245_schefflera_arboricola/regular/50892679962_787651a1ea_b.jpg', 'small_url': 'https://perenual.com/storage/species_image/7245_schefflera_arboricola/small/50892679962_787651a1ea_b.jpg', 'thumbnail': 'https://perenual.com/storage/species_image/7245_schefflera_arboricola/thumbnail/50892679962_787651a1ea_b.jpg'}","Wed, 10 May 2023 14:05:58 GMT",Schefflera Arboricola,"['28.92694', '78.23456', 'Bachhraon', 'IN', 'Asia/Kolkata']",33,2023-05-11 09:32:05,['Schefflera arboricola'],32.06996809708738,['Part sun/part shade'],13.553781916652463
"{'email': 'gertrude.jekyll@lnhm.co.uk', 'name': 'Gertrude Jekyll', 'phone': '531-160-8892x4734'}",Herbaceous Perennial,"{'license': 4, 'license_name': 'Attribution License', 'license_url': 'https://creativecommons.org/licenses/by/2.0/', 'medium_url': 'https://perenual.com/storage/species_image/628_aglaonema_silver_queen/medium/24798632751_3a039ecbc6_b.jpg', 'original_url': 'https://perenual.com/storage/species_image/628_aglaonema_silver_queen/og/24798632751_3a039ecbc6_b.jpg', 'regular_url': 'https://perenual.com/storage/species_image/628_aglaonema_silver_queen/regular/24798632751_3a039ecbc6_b.jpg', 'small_url': 'https://perenual.com/storage/species_image/628_aglaonema_silver_queen/small/24798632751_3a039ecbc6_b.jpg', 'thumbnail': 'https://perenual.com/storage/species_image/628_aglaonema_silver_queen/thumbnail/24798632751_3a039ecbc6_b.jpg'}","Wed, 10 May 2023 13:44:15 GMT",Aglaonema Commutatum,"['41.15612', '1.10687', 'Reus', 'ES', 'Europe/Madrid']",34,2023-05-11 09:32:07,['Aglaonema commutatum'],30.533523011695905,"['Part shade', 'full shade']",13.414659534701144
"{'email': 'carl.linnaeus@lnhm.co.uk', 'name': 'Carl Linnaeus', 'phone': '9766126198'}",Perennial,"{'license': 4, 'license_name': 'Attribution License', 'license_url': 'https://creativecommons.org/licenses/by/2.0/', 'medium_url': 'https://perenual.com/storage/species_image/5257_monstera_deliciosa/medium/4630938853_623dc33137_b.jpg', 'original_url': 'https://perenual.com/storage/species_image/5257_monstera_deliciosa/og/4630938853_623dc33137_b.jpg', 'regular_url': 'https://perenual.com/storage/species_image/5257_monstera_deliciosa/regular/4630938853_623dc33137_b.jpg', 'small_url': 'https://perenual.com/storage/species_image/5257_monstera_deliciosa/small/4630938853_623dc33137_b.jpg', 'thumbnail': 'https://perenual.com/storage/species_image/5257_monstera_deliciosa/thumbnail/4630938853_623dc33137_b.jpg'}","Wed, 10 May 2023 13:32:46 GMT",Monstera Deliciosa,"['-32.45242', '-71.23106', 'La Ligua', 'CL', 'America/Santiago']",35,2023-05-11 09:32:01,['Monstera deliciosa'],28.96811555182626,"['Full sun only if soil kept moist', ' Part sun/part shade']",12.933271505736515
"{'email': 'gertrude.jekyll@lnhm.co.uk', 'name': 'Gertrude Jekyll', 'phone': '+1-233-531-2626x72126'}",Herbaceous Perennial,"{'license': 44, 'license_name': 'Attribution-ShareAlike 4.0 International (CC BY-SA 4.0)', 'license_url': 'https://creativecommons.org/licenses/by-sa/4.0/', 'medium_url': 'https://perenual.com/storage/species_image/7680_tacca_integrifolia/medium/e8ff33915f6f1d88b3c0088c9d8db50d5062d3e9.jpg', 'original_url': 'https://perenual.com/storage/species_image/7680_tacca_integrifolia/og/e8ff33915f6f1d88b3c0088c9d8db50d5062d3e9.jpg', 'regular_url': 'https://perenual.com/storage/species_image/7680_tacca_integrifolia/regular/e8ff33915f6f1d88b3c0088c9d8db50d5062d3e9.jpg', 'small_url': 'https://perenual.com/storage/species_image/7680_tacca_integrifolia/small/e8ff33915f6f1d88b3c0088c9d8db50d5062d3e9.jpg', 'thumbnail': 'https://perenual.com/storage/species_image/7680_tacca_integrifolia/thumbnail/e8ff33915f6f1d88b3c0088c9d8db50d5062d3e9.jpg'}","Wed, 10 May 2023 14:09:55 GMT",Tacca Integrifolia,"['32.54044', '-82.90375', 'Dublin', 'US', 'America/New_York']",36,2023-05-11 09:32:03,['Tacca integrifolia'],34.465754768797,"['Part shade', 'full shade']",12.312357347767954
"{'email': 'eliza.andrews@lnhm.co.uk', 'name': 'Eliza Andrews', 'phone': '(984)989-6004'}",,,"Wed, 10 May 2023 14:23:43 GMT",Psychopsis Papilio,"['30.21121', '74.4818', 'Malaut', 'IN', 'Asia/Kolkata']",37,2023-05-11 09:32:05,,34.378929135238096,,11.08984589689982
"{'email': 'gertrude.jekyll@lnhm.co.uk', 'name': 'Gertrude Jekyll', 'phone': '168.863.3135'}",Herbaceous Perennial,"{'license': 4, 'license_name': 'Attribution License', 'license_url': 'https://creativecommons.org/licenses/by/2.0/', 'medium_url': 'https://perenual.com/storage/species_image/7030_saintpaulia_ionantha/medium/46232918414_09d5aca9c4_b.jpg', 'original_url': 'https://perenual.com/storage/species_image/7030_saintpaulia_ionantha/og/46232918414_09d5aca9c4_b.jpg', 'regular_url': 'https://perenual.com/storage/species_image/7030_saintpaulia_ionantha/regular/46232918414_09d5aca9c4_b.jpg', 'small_url': 'https://perenual.com/storage/species_image/7030_saintpaulia_ionantha/small/46232918414_09d5aca9c4_b.jpg', 'thumbnail': 'https://perenual.com/storage/species_image/7030_saintpaulia_ionantha/thumbnail/46232918414_09d5aca9c4_b.jpg'}","Wed, 10 May 2023 13:46:06 GMT",Saintpaulia Ionantha,"['-6.8', '39.25', 'Magomeni', 'TZ', 'Africa/Dar_es_Salaam']",38,2023-05-11 09:32:06,['Saintpaulia ionantha'],33.803939417674414,"['Part shade', 'full shade']",11.073631681097993
"{'email': 'carl.linnaeus@lnhm.co.uk', 'name': 'Carl Linnaeus', 'phone': '628.072.8774'}",Herbaceous Perennial,"{'license': 451, 'license_name': 'CC0 1.0 Universal (CC0 1.0) Public Domain Dedication', 'license_url': 'https://creativecommons.org/publicdomain/zero/1.0/', 'medium_url': 'https://perenual.com/storage/species_image/3060_gaillardia_aestivalis/medium/park_flowers_blue_sunset_red_wild_hairy_sun-400538.jpg', 'original_url': 'https://perenual.com/storage/species_image/3060_gaillardia_aestivalis/og/park_flowers_blue_sunset_red_wild_hairy_sun-400538.jpg', 'regular_url': 'https://perenual.com/storage/species_image/3060_gaillardia_aestivalis/regular/park_flowers_blue_sunset_red_wild_hairy_sun-400538.jpg', 'small_url': 'https://perenual.com/storage/species_image/3060_gaillardia_aestivalis/small/park_flowers_blue_sunset_red_wild_hairy_sun-400538.jpg', 'thumbnail': 'https://perenual.com/storage/species_image/3060_gaillardia_aestivalis/thumbnail/park_flowers_blue_sunset_red_wild_hairy_sun-400538.jpg'}","Wed, 10 May 2023 14:18:23 GMT",Gaillardia,"['36.24624', '139.07204', 'Fujioka', 'JP', 'Asia/Tokyo']",39,2023-05-11 09:32:08,['Gaillardia aestivalis'],31.11897178606965,['Full sun'],13.403721487335849
"{'email': 'eliza.andrews@lnhm.co.uk', 'name': 'Eliza Andrews', 'phone': '745.905.8724x05682'}",Perennial,"{'license': 451, 'license_name': 'CC0 1.0 Universal (CC0 1.0) Public Domain Dedication', 'license_url': 'https://creativecommons.org/publicdomain/zero/1.0/', 'medium_url': 'https://perenual.com/storage/species_image/3828_hippeastrum_group/medium/amaryllis-flowers-christmas-christmas-flower.jpg', 'original_url': 'https://perenual.com/storage/species_image/3828_hippeastrum_group/og/amaryllis-flowers-christmas-christmas-flower.jpg', 'regular_url': 'https://perenual.com/storage/species_image/3828_hippeastrum_group/regular/amaryllis-flowers-christmas-christmas-flower.jpg', 'small_url': 'https://perenual.com/storage/species_image/3828_hippeastrum_group/small/amaryllis-flowers-christmas-christmas-flower.jpg', 'thumbnail': 'https://perenual.com/storage/species_image/3828_hippeastrum_group/thumbnail/amaryllis-flowers-christmas-christmas-flower.jpg'}","Wed, 10 May 2023 14:05:38 GMT",Amaryllis,"['44.92801', '4.8951', 'Valence', 'FR', 'Europe/Paris']",40,2023-05-11 09:32:10,['Hippeastrum (group)'],35.31211418114603,"['Full sun', 'part shade']",9.092484875812334
"{'email': 'carl.linnaeus@lnhm.co.uk', 'name': 'Carl Linnaeus', 'phone': '152-928-2635'}",Perennial,"{'license': 4, 'license_name': 'Attribution License', 'license_url': 'https://creativecommons.org/licenses/by/2.0/', 'medium_url': 'https://perenual.com/storage/species_image/1457_caladium_bicolor/medium/25575875658_d782fb76f1_b.jpg', 'original_url': 'https://perenual.com/storage/species_image/1457_caladium_bicolor/og/25575875658_d782fb76f1_b.jpg', 'regular_url': 'https://perenual.com/storage/species_image/1457_caladium_bicolor/regular/25575875658_d782fb76f1_b.jpg', 'small_url': 'https://perenual.com/storage/species_image/1457_caladium_bicolor/small/25575875658_d782fb76f1_b.jpg', 'thumbnail': 'https://perenual.com/storage/species_image/1457_caladium_bicolor/thumbnail/25575875658_d782fb76f1_b.jpg'}","Wed, 10 May 2023 13:45:13 GMT",Caladium Bicolor,"['22.4711', '88.1453', 'Pujali', 'IN', 'Asia/Kolkata']",41,2023-05-11 09:32:11,['Caladium bicolor'],33.56451739179104,"['Part shade', 'full shade']",11.76231108458028
"{'email': 'carl.linnaeus@lnhm.co.uk', 'name': 'Carl Linnaeus', 'phone': '166-389-3611x0944'}",Herbaceous Perennial,"{'license': 5, 'license_name': 'Attribution-ShareAlike License', 'license_url': 'https://creativecommons.org/licenses/by-sa/2.0/', 'medium_url': 'https://perenual.com/storage/species_image/2_abies_alba_pyramidalis/medium/49255769768_df55596553_b.jpg', 'original_url': 'https://perenual.com/storage/species_image/2_abies_alba_pyramidalis/og/49255769768_df55596553_b.jpg', 'regular_url': 'https://perenual.com/storage/species_image/2_abies_alba_pyramidalis/regular/49255769768_df55596553_b.jpg', 'small_url': 'https://perenual.com/storage/species_image/2_abies_alba_pyramidalis/small/49255769768_df55596553_b.jpg', 'thumbnail': 'https://perenual.com/storage/species_image/2_abies_alba_pyramidalis/thumbnail/49255769768_df55596553_b.jpg'}","Wed, 10 May 2023 14:49:43 GMT",Chlorophytum Comosum,"['41.57439', '24.71204', 'Smolyan', 'BG', 'Europe/Sofia']",42,2023-05-11 09:32:09,"[""Chlorophytum comosum 'Vittatum'""]",34.99376638320463,"['Part shade', 'full shade']",9.865694371529976
"{'email': 'gertrude.jekyll@lnhm.co.uk', 'name': 'Gertrude Jekyll', 'phone': '+1-520-993-1054'}",Perennial,"{'license': 4, 'license_name': 'Attribution License', 'license_url': 'https://creativecommons.org/licenses/by/2.0/', 'medium_url': 'https://perenual.com/storage/species_image/917_araucaria_heterophylla/medium/49833684212_2aff9d7b3c_b.jpg', 'original_url': 'https://perenual.com/storage/species_image/917_araucaria_heterophylla/og/49833684212_2aff9d7b3c_b.jpg', 'regular_url': 'https://perenual.com/storage/species_image/917_araucaria_heterophylla/regular/49833684212_2aff9d7b3c_b.jpg', 'small_url': 'https://perenual.com/storage/species_image/917_araucaria_heterophylla/small/49833684212_2aff9d7b3c_b.jpg', 'thumbnail': 'https://perenual.com/storage/species_image/917_araucaria_heterophylla/thumbnail/49833684212_2aff9d7b3c_b.jpg'}","Wed, 10 May 2023 13:32:40 GMT",Araucaria Heterophylla,"['20.22816', '-103.5687', 'Zacoalco de Torres', 'MX', 'America/Mexico_City']",44,2023-05-11 09:32:11,['Araucaria heterophylla'],31.390834835081037,['Part shade'],9.574658659731366
"{'email': 'gertrude.jekyll@lnhm.co.uk', 'name': 'Gertrude Jekyll', 'phone': '001-134-166-0165x681'}",Herbaceous Perennial,"{'license': 5, 'license_name': 'Attribution-ShareAlike License', 'license_url': 'https://creativecommons.org/licenses/by-sa/2.0/', 'medium_url': 'https://perenual.com/storage/species_image/2_abies_alba_pyramidalis/medium/49255769768_df55596553_b.jpg', 'original_url': 'https://perenual.com/storage/species_image/2_abies_alba_pyramidalis/og/49255769768_df55596553_b.jpg', 'regular_url': 'https://perenual.com/storage/species_image/2_abies_alba_pyramidalis/regular/49255769768_df55596553_b.jpg', 'small_url': 'https://perenual.com/storage/species_image/2_abies_alba_pyramidalis/small/49255769768_df55596553_b.jpg', 'thumbnail': 'https://perenual.com/storage/species_image/2_abies_alba_pyramidalis/thumbnail/49255769768_df55596553_b.jpg'}","Wed, 10 May 2023 14:04:23 GMT",Begonia,"['33.95015', '-118.03917', 'South Whittier', 'US', 'America/Los_Angeles']",45,2023-05-11 09:32:12,"[""Begonia 'Art Hodes'""]",32.23497702804643,"['Full sun', 'part shade']",9.011767497119767
"{'email': 'eliza.andrews@lnhm.co.uk', 'name': 'Eliza Andrews', 'phone': '392.820.2918x20073'}",Perennial,"{'license': 5, 'license_name': 'Attribution-ShareAlike License', 'license_url': 'https://creativecommons.org/licenses/by-sa/2.0/', 'medium_url': 'https://perenual.com/storage/species_image/5180_medinilla_magnifica/medium/52021835452_2e9d0bef62_b.jpg', 'original_url': 'https://perenual.com/storage/species_image/5180_medinilla_magnifica/og/52021835452_2e9d0bef62_b.jpg', 'regular_url': 'https://perenual.com/storage/species_image/5180_medinilla_magnifica/regular/52021835452_2e9d0bef62_b.jpg', 'small_url': 'https://perenual.com/storage/species_image/5180_medinilla_magnifica/small/52021835452_2e9d0bef62_b.jpg', 'thumbnail': 'https://perenual.com/storage/species_image/5180_medinilla_magnifica/thumbnail/52021835452_2e9d0bef62_b.jpg'}","Wed, 10 May 2023 14:12:39 GMT",Medinilla Magnifica,"['-13.7804', '34.4587', 'Salima', 'MW', 'Africa/Blantyre']",46,2023-05-11 09:32:13,['Medinilla magnifica'],35.935108622467766,['Part shade'],13.324499285852143
"{'email': 'eliza.andrews@lnhm.co.uk', 'name': 'Eliza Andrews', 'phone': '001-365-608-0106'}",Perennial,"{'license': 4, 'license_name': 'Attribution License', 'license_url': 'https://creativecommons.org/licenses/by/2.0/', 'medium_url': 'https://perenual.com/storage/species_image/1477_calliandra_haematocephala/medium/52063600268_834ebc0538_b.jpg', 'original_url': 'https://perenual.com/storage/species_image/1477_calliandra_haematocephala/og/52063600268_834ebc0538_b.jpg', 'regular_url': 'https://perenual.com/storage/species_image/1477_calliandra_haematocephala/regular/52063600268_834ebc0538_b.jpg', 'small_url': 'https://perenual.com/storage/species_image/1477_calliandra_haematocephala/small/52063600268_834ebc0538_b.jpg', 'thumbnail': 'https://perenual.com/storage/species_image/1477_calliandra_haematocephala/thumbnail/52063600268_834ebc0538_b.jpg'}","Wed, 10 May 2023 13:30:18 GMT",Calliandra Haematocephala,"['37.49223', '15.07041', 'Catania', 'IT', 'Europe/Rome']",47,2023-05-11 09:32:14,['Calliandra haematocephala'],-3.0238264414285823,['Full sun'],13.34580919100935
"{'email': 'carl.linnaeus@lnhm.co.uk', 'name': 'Carl Linnaeus', 'phone': '956-412-6991'}",Herbaceous Perennial,"{'license': 4, 'license_name': 'Attribution License', 'license_url': 'https://creativecommons.org/licenses/by/2.0/', 'medium_url': 'https://perenual.com/storage/species_image/8386_zamioculcas_zamiifolia/medium/24891577155_64934d420e_b.jpg', 'original_url': 'https://perenual.com/storage/species_image/8386_zamioculcas_zamiifolia/og/24891577155_64934d420e_b.jpg', 'regular_url': 'https://perenual.com/storage/species_image/8386_zamioculcas_zamiifolia/regular/24891577155_64934d420e_b.jpg', 'small_url': 'https://perenual.com/storage/species_image/8386_zamioculcas_zamiifolia/small/24891577155_64934d420e_b.jpg', 'thumbnail': 'https://perenual.com/storage/species_image/8386_zamioculcas_zamiifolia/thumbnail/24891577155_64934d420e_b.jpg'}","Wed, 10 May 2023 14:31:09 GMT",Zamioculcas Zamiifolia,"['14.14989', '121.3152', 'Calauan', 'PH', 'Asia/Manila']",48,2023-05-11 09:32:15,['Zamioculcas zamiifolia'],33.13800760351562,"['Part shade', 'full shade']",14.896234697204674
"{'email': 'eliza.andrews@lnhm.co.uk', 'name': 'Eliza Andrews', 'phone': '829-813-5848x56438'}",Perennial,"{'license': 4, 'license_name': 'Attribution License', 'license_url': 'https://creativecommons.org/licenses/by/2.0/', 'medium_url': 'https://perenual.com/storage/species_image/2193_crassula_ovata/medium/33253726791_980c738a1e_b.jpg', 'original_url': 'https://perenual.com/storage/species_image/2193_crassula_ovata/og/33253726791_980c738a1e_b.jpg', 'regular_url': 'https://perenual.com/storage/species_image/2193_crassula_ovata/regular/33253726791_980c738a1e_b.jpg', 'small_url': 'https://perenual.com/storage/species_image/2193_crassula_ovata/small/33253726791_980c738a1e_b.jpg', 'thumbnail': 'https://perenual.com/storage/species_image/2193_crassula_ovata/thumbnail/33253726791_980c738a1e_b.jpg'}","Wed, 10 May 2023 14:02:15 GMT",Crassula Ovata,"['17.94979', '-94.91386', 'Acayucan', 'MX', 'America/Mexico_City']",49,2023-05-11 09:32:12,['Crassula ovata'],31.7804122866861,['full sun'],9.396748312341094
"{'email': 'carl.linnaeus@lnhm.co.uk', 'name': 'Carl Linnaeus', 'phone': '+1-114-709-5518x591'}",Perennial,"{'license': 45, 'license_name': 'Attribution-ShareAlike 3.0 Unported (CC BY-SA 3.0)', 'license_url': 'https://creativecommons.org/licenses/by-sa/3.0/deed.en', 'medium_url': 'https://perenual.com/storage/species_image/2773_epipremnum_aureum/medium/2560px-Epipremnum_aureum_31082012.jpg', 'original_url': 'https://perenual.com/storage/species_image/2773_epipremnum_aureum/og/2560px-Epipremnum_aureum_31082012.jpg', 'regular_url': 'https://perenual.com/storage/species_image/2773_epipremnum_aureum/regular/2560px-Epipremnum_aureum_31082012.jpg', 'small_url': 'https://perenual.com/storage/species_image/2773_epipremnum_aureum/small/2560px-Epipremnum_aureum_31082012.jpg', 'thumbnail': 'https://perenual.com/storage/species_image/2773_epipremnum_aureum/thumbnail/2560px-Epipremnum_aureum_31082012.jpg'}","Wed, 10 May 2023 14:03:04 GMT",Epipremnum Aureum,"['-19.32556', '-41.25528', 'Resplendor', 'BR', 'America/Sao_Paulo']",50,2023-05-11 09:32:14,['Epipremnum aureum'],32.090701920619566,['Part shade'],13.173433245587578
